iter	Logloss
0	0.6663251323
1	0.645688983
2	0.6276681088
3	0.6041193565
4	0.5850613447
5	0.5680513004
6	0.551312525
7	0.5352901403
8	0.5202487311
9	0.5082814923
